{"cameraMode":{"drawMode":0,"name":"Shaded","section":"Shading Mode"},"sceneLighting":false,"audioPlay":false,"sceneViewState":{"m_AlwaysRefresh":false,"showFog":true,"showSkybox":true,"showFlares":true,"showImageEffects":true,"showParticleSystems":true,"showVisualEffectGraphs":true,"m_FxEnabled":true},"in2DMode":false,"pivot":{"x":28.06207275390625,"y":14.131861686706543,"z":142.53392028808595},"rotation":{"x":0.14795531332492829,"y":-0.8454533815383911,"z":0.30097171664237978,"w":0.41561752557754519},"size":33.81956481933594,"orthographic":false}