{"cameraMode":{"drawMode":0,"name":"Shaded","section":"Shading Mode"},"sceneLighting":false,"audioPlay":false,"sceneViewState":{"m_AlwaysRefresh":false,"showFog":true,"showSkybox":false,"showFlares":true,"showImageEffects":true,"showParticleSystems":true,"showVisualEffectGraphs":true,"m_FxEnabled":true},"in2DMode":false,"pivot":{"x":-0.29610496759414675,"y":0.8201736211776733,"z":29.386323928833009},"rotation":{"x":0.17990343272686006,"y":-0.010328469797968865,"z":0.0018890819046646357,"w":0.9836292266845703},"size":2.630370855331421,"orthographic":false}